{"cameraMode":{"drawMode":0,"name":"Shaded","section":"Shading Mode"},"sceneLighting":false,"audioPlay":false,"sceneViewState":{"m_AlwaysRefresh":false,"showFog":true,"showSkybox":false,"showFlares":true,"showImageEffects":true,"showParticleSystems":true,"showVisualEffectGraphs":true,"m_FxEnabled":true},"in2DMode":false,"pivot":{"x":-0.024937152862548829,"y":1.179822564125061,"z":20.829999923706056},"rotation":{"x":-0.15335601568222047,"y":-0.7088066339492798,"z":0.16245980560779572,"w":-0.6690852642059326},"size":4.517673015594482,"orthographic":false}