{"cameraMode":{"drawMode":0,"name":"Shaded","section":"Shading Mode"},"sceneLighting":true,"audioPlay":false,"sceneViewState":{"m_AlwaysRefresh":false,"showFog":true,"showSkybox":true,"showFlares":true,"showImageEffects":true,"showParticleSystems":true,"showVisualEffectGraphs":true,"m_FxEnabled":true},"in2DMode":false,"pivot":{"x":251.6663360595703,"y":485.1960754394531,"z":-1.079681396484375},"rotation":{"x":0.013810713775455952,"y":0.005755346734076738,"z":-0.0000699361989973113,"w":0.999894917011261},"size":39.710418701171878,"orthographic":false}