{"cameraMode":{"drawMode":0,"name":"Shaded","section":"Shading Mode"},"sceneLighting":false,"audioPlay":false,"sceneViewState":{"m_AlwaysRefresh":false,"showFog":true,"showSkybox":false,"showFlares":true,"showImageEffects":true,"showParticleSystems":true,"showVisualEffectGraphs":true,"m_FxEnabled":true},"in2DMode":false,"pivot":{"x":1.1920928955078126e-7,"y":0.5170005559921265,"z":7.78000020980835},"rotation":{"x":-0.4445236921310425,"y":0.023867787793278695,"z":-0.011854023672640324,"w":-0.8953869938850403},"size":1.5784496068954468,"orthographic":false}